ID,Matches played,Name,Highlander games,6's games,Defaults,Country
52912,375,JoeN,149,161,1,UnitedKingdom
120,372,b0nes,89,237,0,UnitedKingdom
17393,346,Dr. Phil,40,242,0,Denmark
12080,341,Ihor,112,167,0,Ukraine
91858,337,Sebastianey,92,175,0,Austria
71145,332,yak,102,192,2,UnitedKingdom
2184,329,schocky,20,269,0,Germany
91340,324,Leila,136,142,1,UnitedKingdom
72045,315,Menty,73,179,0,Germany
8016,311,Clark,134,73,0,Latvia
14394,310,Hildreth,78,164,0,England
63505,302,TimTum,66,173,1,Netherlands
11547,300,beach,76,180,1,UnitedKingdom
67379,298,Villdjack,101,152,3,Sweden
89548,297,robin,92,135,3,Italy
50335,285,Goz,69,195,1,Finland
71808,280,JackyLegs,105,114,2,Israel
89901,278,Detoed.,88,123,2,Ukraine
115930,278,Pahan,91,124,5,Russia
25221,271,dqz,85,136,0,Russia
95442,269,Included_Middle,106,123,5,England
576,266,F2,19,191,0,Denmark
9892,265,Gubbins,31,198,2,UnitedKingdom
92155,264,Boshy [ALTFS],75,114,3,Ukraine
92272,261,Bloodis,69,149,1,Finland
66863,261,Kimo,96,132,1,Denmark
21815,260,Sacrilege,64,137,0,Belgium
786,260,atomic-,57,80,1,Latvia
39487,258,Kuferl,74,125,0,Austria
86246,255,CeeJaey,83,148,0,Spain
76592,253,Tercio,102,106,2,Poland
57921,253,bugser,62,132,2,Russia
106347,253,Kosuke,81,123,0,Ireland
83320,250,Liko,90,134,2,Sweden
2788,250,kaidus,38,178,1,UnitedKingdom
24242,249,Mon,32,146,2,Russia
60690,247,Spreijer,87,94,2,Lithuania
112369,246,JENNY,72,129,3,Netherlands
59262,245,marten,33,179,0,Netherlands
1357,243,zoob,64,107,0,Finland
17956,243,uubers,57,122,4,Latvia
63891,241,Just1s,89,100,1,Lithuania
58862,240,tavi,29,166,1,Romania
315,240,b0binho,62,148,0,England
19674,239,Josh,35,183,0,Ireland
69882,238,Deox,74,119,0,Scotland
49395,235,sorex,54,153,0,Italy
67383,234,Fishage,78,134,2,UnitedKingdom
15430,227,JohnnyBambo,27,176,2,Germany
3246,227,TroX,52,114,2,Russia
93023,227,tuja,53,119,1,Hungary
90459,226,Kwq,53,131,2,Poland
9534,225,CeeGee,26,148,0,UnitedKingdom
94245,224,Raf,36,153,1,France
52957,223,Hei,74,101,0,Estonia
63578,223,neon,58,150,0,Finland
801,223,Fragm3nt3d,28,162,0,Scotland
19877,223,skeej,54,148,0,Netherlands
7272,222,Recluse,31,124,0,Russia
50139,219,Seal,86,112,0,Sweden
96071,219,kitten,51,140,0,Ireland
3986,218,WARHURYEAH,11,182,0,England
61126,217,greenrab,4,188,1,Scotland
72348,215,Meaff,74,100,0,Russia
63103,215,SOLAR,17,156,0,Poland
10218,214,CanFo,21,168,0,Germany
118074,214,Agen,59,128,0,Norway
90259,212,ixy,14,164,1,Italy
11802,212,Zebbosai,34,117,0,Sweden
18214,211,Thalash,41,132,0,Denmark
101704,211,Toast,82,96,1,Denmark
20593,211,ondkaja,49,105,1,Sweden
75452,210,adysky,63,105,2,Slovakia
43040,209,Fenrir,56,128,2,Scotland
68231,209,Scyper,50,125,0,Finland
66334,209,mezzo,84,84,0,Germany
68308,208,Raptor,49,110,1,Austria
105179,207,morale,60,121,0,UnitedKingdom
61441,207,Kauko,79,101,0,Finland
105451,206,mystt,43,127,0,Netherlands
58470,206,Kaylus,57,128,1,France
18096,206,Starkie,13,157,1,UnitedKingdom
70031,206,kaptain,16,150,0,Netherlands
96730,205,TheMeerCat,64,122,0,UnitedKingdom
3355,205,Predz,32,147,0,Ireland
94955,204,proky,87,87,0,England
117261,204,Gazy,33,152,0,Germany
91031,203,Mayh,82,78,0,England
113682,203,Mimo,67,128,0,Finland
66808,202,Graba,42,115,0,Poland
3633,200,basH.,2,116,2,Germany
90713,200,ZYKAZ,50,130,2,Germany
113520,200,stan,64,100,3,Poland
14782,200,NeuTronas,22,114,3,Lithuania
6983,199,catman,69,77,3,Russia
51621,198,amppis,8,146,3,Finland
50128,198,Eniere,62,97,0,Russia
18583,198,SaSHAAA@,67,118,1,Ukraine
63795,198,MARS^,72,82,0,Germany
67113,197,squirrel_BVC,31,150,1,UnitedKingdom
92627,197,shades,63,106,1,England
100302,196,gedu,41,119,2,CzechRepublic
67640,195,Morni,46,137,4,Finland
58890,193,Muuki,52,105,0,Finland
95083,193,Murpheey,94,61,1,Germany
92146,193,eepily,18,170,0,England
111886,193,nubbi,54,98,3,Hungary
93598,193,Funs,35,112,1,Wales
109742,192,AustinN,73,98,2,England
57764,192,Néo,13,163,1,France
879,192,WhiZZkiD,35,122,1,Poland
80325,192,Ignis,14,143,0,Germany
20748,191,Permzilla,45,114,3,UnitedKingdom
118746,191,hondjo,75,84,0,Netherlands
5169,190,NiKoRo,70,84,0,Finland
23755,190,lippy,35,97,2,Ukraine
4020,189,PingWIN,24,106,1,Hungary
47721,188,Drackk,13,143,0,England
75949,187,Sepu,70,99,3,Finland
52746,187,Ombrack,18,150,1,France
59814,185,misha YB`g,13,139,3,CzechRepublic
8651,184,Crime [ALTFS],54,101,2,Russia
44406,184,sheepy dog's hand,13,133,0,Scotland
71785,184,Mop,18,155,4,UnitedKingdom
49047,183,Pot8o,15,140,3,Denmark
105578,183,nicco,26,138,2,Germany
50411,183,Smirre,11,144,1,Sweden
50117,183,HartzFartz,100,30,1,Switzerland
19491,183,MEGAMIDDIE,6,151,2,England
81768,183,thedog,35,128,2,UnitedKingdom
112699,182,dempsey,59,96,1,Ireland
117912,182,Jorge,29,137,1,Spain
95085,182,Walter Weiss,96,40,1,Germany
9829,181,fränk,18,156,0,Germany
18321,181,Cauthon,43,118,0,Finland
78334,180,sneaky the cat,64,82,2,Wales
92009,180,Olgha,32,118,1,France
95065,180,31,48,98,1,Portugal
103697,180,basedgod,13,141,4,CzechRepublic
23791,179,n1ven,37,109,1,Hungary
42683,179,dima,55,87,4,Russia
28069,179,Tombahh,57,105,3,Finland
5886,179,Brego,13,112,2,Germany
65211,179,kermit,19,136,1,Scotland
90949,178,redwood,92,50,1,Israel
55082,177,Silentes,14,129,1,UnitedKingdom
55481,177,Icewind,83,73,3,Netherlands
14930,177,Spicy,16,127,2,Russia
48872,176,Quantum Plumber,56,95,0,UnitedKingdom
58156,175,zen1th,21,129,1,Seychelles
89864,175,Nagi,33,119,3,Wales
66466,175,STiNGHAN,91,48,1,Poland
11636,175,Monkeh,18,73,1,England
15525,175,Santtu,35,98,2,Finland
32017,174,So||o Wo|o,6,122,1,Spain
10194,174,Kiler4fun,16,104,1,Portugal
17492,174,Hafficool,15,100,1,Iceland
9035,174,T0m,22,129,1,England
3841,173,wltrs,9,125,1,Sweden
102697,173,Dave_the_Irate,71,61,0,UnitedKingdom
94609,173,Demos,51,101,0,Romania
21204,173,Buttnose,29,94,1,UnitedKingdom
104289,173,Domo,12,146,3,UnitedKingdom
17983,173,Raymon,27,128,1,UnitedKingdom
115289,173,kola,48,102,1,Finland
86050,173,Krun,15,128,0,CzechRepublic
107063,173,Chef Excellence,54,109,1,UnitedKingdom
94719,172,cloudy,89,54,2,England
4032,172,Gas13,31,110,1,Russia
74241,171,DCS,51,113,2,Germany
63583,171,009EFF,23,127,7,Belgium
23324,170,TheSucker,38,43,0,Sweden
72079,170,LionKing,88,73,0,Germany
105478,169,Vclox_,96,55,1,England
9871,169,droso,38,88,0,Belgium
70868,169,Cnoz,60,77,1,Netherlands
108915,168,B4ro,46,94,3,UnitedKingdom
95146,168,Elacour,18,130,2,France
12561,168,.kr4tos,12,129,0,Germany
62632,167,feeling,28,95,0,Germany
90085,167,credu,19,125,2,Finland
89942,167,Corbac,6,142,0,France
104976,167,Traitor,22,122,0,Norway
11433,166,Mike,7,125,0,Wales
60764,166,Fischkopf,5,146,5,Germany
62090,166,Aoshi,57,82,2,Belgium
107775,166,Sprasty,59,87,1,Italy
9994,166,kKaltUu,60,63,1,Netherlands
101642,166,Buck824,100,39,3,England
18644,166,smziii,23,116,2,Germany
91430,165,Dowel,63,85,2,England
89279,165,dd5f,18,103,5,Germany
5975,165,H...,26,98,3,England
43456,165,caeli,28,91,2,Spain
1242,164,Netsky,0,129,1,Luxembourg
11076,164,scatmo,17,120,1,Spain
61388,164,Der_Milchmann,66,70,2,Germany
104999,163,Beckler,65,88,1,Germany
48222,163,Muffinz,34,109,2,Finland
96545,163,Princess Luna,54,94,2,Finland
112758,162,maly,18,120,2,Poland
91077,162,Silvermaster,49,81,2,Russia
66898,162,alle,27,94,1,Sweden
104286,161,Vouri,41,106,2,England
58226,161,alba,10,128,0,Sweden
65899,161,Mac,21,132,1,UnitedKingdom
63260,161,quintosh,72,54,0,Germany
120113,160,lc50,68,55,2,Russia
96658,160,El Beno,44,102,3,England
92327,160,chando,63,80,0,England
83579,159,tobs,6,131,0,Denmark
20076,159,NKF,35,107,0,Germany
13753,159,Setlet,19,97,1,Finland
107814,159,SchmitShot,35,104,1,France
14356,159,ash,1,139,0,Germany
113797,158,auto,51,95,1,UnitedKingdom
2970,158,Adrenaline,17,106,1,Italy
15442,157,crizzl,4,122,1,Denmark
126040,157,Elsbeth,62,84,2,International
97365,156,Flowy,62,83,1,Austria
3885,156,irfx,49,60,1,Russia
90611,156,AlienSmiley,11,136,0,France
93698,156,deli69,33,112,3,France
4359,156,Jose,14,97,0,Finland
58865,155,aidelos,13,123,0,Germany
16433,155,Swi,18,100,0,Sweden
113699,155,Aga,72,73,1,Finland
71150,155,Twisted,37,96,2,Sweden
10598,155,Mont,11,124,2,UnitedKingdom
17174,155,Linus,42,74,0,Hungary
94313,154,Silver Tosspot,66,69,3,Sweden
9924,154,Flippy,25,96,3,France
107064,154,Shaggy,61,73,2,Belgium
17660,154,Beater,22,102,2,Denmark
89537,153,Spanns,43,77,1,Portugal
90327,153,Collaide,3,116,2,Sweden
10965,153,Shampoo,23,92,1,Romania
59084,152,Horppi,53,86,0,Finland
849,152,SnowiE,1,97,0,England
59942,152,skyro,39,88,1,Netherlands
15596,152,Tek,23,99,1,France
24401,152,mici,12,106,2,Hungary
3982,152,FlagZero,11,74,0,Croatia
96203,152,Turboapina,28,89,2,Finland
60043,152,mak,34,103,2,England
93427,152,fundo,51,63,1,Finland
24035,152,kalhó,10,82,3,Portugal
101380,152,Acecle,37,95,2,UnitedKingdom
77792,151,juju,81,51,2,Finland
59397,151,Bonkers,16,82,0,Poland
63718,151,Grenja,72,48,1,UnitedKingdom
9555,151,ryder,6,120,1,Iceland
30301,151,EmilioEstevez,107,11,1,UnitedKingdom
59560,151,junnu,18,113,1,Finland
65160,150,marisa,51,61,1,Ukraine
2633,150,mèx,24,80,0,Italy
21478,150,TviQ,25,59,0,Sweden
88924,150,Jynxii,26,108,3,England
77,150,Haunter,30,87,0,Portugal
110060,150,Yxxo,50,70,0,Norway
101131,149,lor_is,23,116,0,UnitedKingdom
22673,149,dmoule,14,121,1,France
40957,149,Caoul!,16,114,1,Sweden
30730,149,Maxi,39,91,1,England
4326,149,Nikola,9,98,0,Bulgaria
47228,149,Punkka,29,103,6,Finland
92157,149,zeFrosty,12,120,0,Scotland
75941,149,calle cool,41,93,2,Sweden
89833,149,SandBurn,90,28,1,Netherlands
62952,149,Celreo,61,83,2,England
115603,149,DigyB,36,82,0,Ireland
16820,148,frixx,10,113,0,Slovenia
124309,148,Breez,22,88,4,CzechRepublic
63544,148,thaZu,28,80,2,Poland
109413,148,Moxxie,8,126,1,Belgium
2266,148,sammie,0,125,0,Russia
116732,148,T1k.,49,71,1,Lithuania
42104,147,cmd,16,100,0,Iceland
32012,147,shappie,9,114,2,Lithuania
125126,147,SirDuck,49,83,2,England
62492,147,CHICHO,33,79,6,Spain
19565,147,Forsak3n,10,87,0,Russia
76228,147,sintyre,67,52,1,Denmark
3977,146,qnx,9,89,0,Norway
18990,146,Shyyou,3,96,0,Belarus
82111,146,tXX,17,108,2,Portugal
10125,146,.Constantine,29,100,2,Germany
63124,146,Manky,15,110,0,Croatia
90251,146,Honey Badger,16,107,1,UnitedKingdom
11427,146,slate,16,99,1,Germany
91053,146,miknando,59,55,3,Finland
103899,145,YeeHaw,5,122,1,England
11387,145,Drozdzers,2,129,0,Poland
55039,145,plsno,25,73,1,Italy
9003,145,DRookie,18,66,0,Croatia
116844,145,Xeno,46,90,4,Slovakia
42028,144,anti2,63,55,1,Russia
90051,144,Eemes,16,114,3,England
42798,144,Death,31,87,0,Ukraine
103319,144,Biohazard,49,80,4,Portugal
112414,144,scar,45,81,0,France
92844,144,TeaKay,59,68,0,England
49307,144,Kissakala,44,81,0,Finland
65230,144,tonmas,20,111,1,Finland
24032,143,Oxy,43,51,0,England
123327,143,therealslimswayze,52,80,3,England
77824,143,daddy,81,33,1,Norway
96226,143,scrambled,59,44,1,Scotland
74939,143,Sjukel,67,67,0,Finland
102665,143,.strix,35,88,1,Italy
61057,143,NuTRiCuLa,67,44,8,Georgia
8270,143,Bukhar,6,128,1,Germany
67384,143,jimb0t,17,108,1,UnitedKingdom
58332,143,iZon,32,95,0,Sweden
5852,142,Spary,15,103,0,Israel
20428,142,Homer J.,18,77,0,Germany
49588,142,Dennia,28,89,0,Sweden
106732,142,bum,15,114,2,England
67473,142,MS,79,34,0,England
511,142,Abomination,35,89,1,UnitedKingdom
21944,142,TheMasterOfDisaster,93,38,0,Netherlands
29009,141,Buhenvalds,20,88,4,Latvia
105130,141,Pred,17,100,3,Croatia
42226,141,Blitzo,5,125,2,France
123858,141,Godz Ares,44,78,1,Italy
17889,141,spudd,23,107,0,England
93473,141,CazaroC,63,59,0,Luxembourg
91017,141,RAMA,15,105,2,Russia
91117,141,croix,22,91,3,Italy
110974,141,COLLINE,30,101,1,Portugal
89834,141,cherryrendezvous,68,46,2,UnitedKingdom
104207,140,tiia,24,96,1,Germany
20688,140,SmAsH,9,127,0,UnitedKingdom
6382,140,L-iNC,37,95,1,Finland
120310,140,zetsu,37,67,0,Hungary
64621,140,kitty,29,94,1,Finland
1156,140,Thy*,19,53,1,Germany
101090,140,streep36,11,109,1,Netherlands
119645,140,seeds,14,115,0,European
115945,140,Klin,47,75,0,England
12113,140,helberg,3,97,0,Denmark
113475,140,Jordy,20,102,0,Netherlands
127075,139,qbown,44,78,0,Germany
809,139,Rasta,0,124,0,Austria
62484,139,Synrise,93,21,0,Belgium
91759,139,bluR-,64,55,4,Spain
75687,139,ekkelund,29,101,3,Finland
60746,138,Glastry,9,122,1,France
50507,138,DizAmbiguation,94,36,0,Germany
109664,138,oJ,14,109,1,England
116261,138,Charlie,7,118,0,UnitedKingdom
78356,138,jun0,8,114,0,UnitedKingdom
57774,138,HBFS,61,65,0,BosniaHerzegovina
3362,137,hocz,0,90,0,Finland
111086,137,Wild_Piggie,37,72,0,Portugal
103449,137,Dom,63,48,1,Netherlands
127645,137,Storm,41,86,0,Norway
89110,136,roban,44,65,2,Finland
8068,136,Tenshi,3,123,0,Germany
14905,136,SteveyJJ,4,116,0,England
10793,136,SniegZ,14,92,2,Lithuania
62812,136,iikq,11,112,1,Finland
47118,136,Kylähullu,30,71,0,Finland
9454,136,T-Mac,18,80,1,France
5149,136,koko,17,84,0,Germany
82675,136,fluo,18,82,2,Italy
118289,136,varnu,19,94,1,Estonia
63840,136,fishyard,3,118,1,Norway
9981,135,SpacePig,14,64,0,Croatia
113232,135,Lurkki,31,78,2,Finland
18414,135,vani,15,105,0,Sweden
26355,135,san alex,49,47,0,Portugal
93511,135,Dragonce,46,60,0,Finland
106097,135,yorski,29,101,0,Finland
23881,135,Opti,2,109,0,France
64312,135,TSM,63,41,1,Netherlands
7732,134,Galant,13,92,2,Russia
63623,134,PIPSQUEAK,27,83,0,Sweden
115616,134,static,21,97,1,UnitedKingdom
120460,134,dwo69,42,78,0,France
115570,134,papi,6,117,0,England
62141,134,ShaDowBurn,35,70,0,Russia
95215,134,Sennaj_Legend,43,81,0,Germany
121216,132,Assassin+,57,70,0,Spain
58873,132,Munky,48,69,1,UnitedKingdom
103920,132,Mason,47,50,0,Japan
22900,132,Ceymoure,3,115,0,Denmark
28613,132,Selek,55,49,0,Germany
116480,132,PJC,9,113,1,England
63676,132,Hot,39,79,0,France
113262,132,slowtown,18,88,2,Ukraine
113486,132,None_,39,89,3,Finland
89277,132,TheNewbie,16,79,1,Estonia
29224,131,Strno,96,0,1,Slovakia
59587,131,Irppa,12,112,0,Finland
125565,131,JuN,63,45,1,Germany
43547,131,Mars,0,122,0,CzechRepublic
50851,131,s0rex,14,89,1,Israel
95749,131,hemp,11,99,0,Norway
21095,131,Azunis,18,106,0,France
120821,131,Offside,21,105,4,England
92098,130,milkyeu,6,97,0,CzechRepublic
20005,130,sano,1,86,0,Russia
762,130,TonyGappa,8,97,1,Netherlands
95814,129,Woona,66,48,2,Spain
104385,129,I stole your bees.,68,32,0,Scotland
73083,129,Medico,3,120,0,France
124136,129,Chez,27,79,1,Estonia
90928,129,S@GA,49,34,1,Germany
101156,129,Warped,14,111,3,UnitedKingdom
130453,129,Whip_Cactus,37,79,1,Scotland
98988,129,Eli,27,99,1,England
6429,129,huhystah,27,67,0,Lithuania
31450,129,hp,9,98,1,Sweden
121342,129,Cyanic,34,75,1,UnitedKingdom
14957,128,Entire,11,81,0,Lithuania
12500,128,RazorsEdge,5,108,1,Germany
125440,128,pluxa,38,75,1,Russia
115778,128,numb,47,69,3,England
5313,128,cookye,12,105,0,Finland
12499,128,prpht,61,53,0,Germany
1711,128,Vasa_kot,29,62,1,Russia
3394,128,Gompy,6,79,0,Norway
104006,128,Samus,35,88,2,Germany
90404,128,Dejvi,37,69,0,Italy
56531,128,hr,1,97,0,England
95873,128,HEMSTRAND,21,105,2,Finland
114717,128,TBourdon,64,43,1,France
91638,127,MrSmithers,12,104,1,UnitedKingdom
117378,127,sumire,61,31,0,Belgium
96957,127,Ascend,18,89,1,England
106236,127,utka,27,83,1,Russia
89070,127,MALU!,8,99,1,Netherlands
4235,127,mort,7,91,0,Russia
28338,127,ari,10,109,1,UnitedKingdom
101355,127,swir,54,54,2,Poland
94280,127,MATTYAZN,16,97,0,England
119086,127,Hugo,28,89,1,UnitedKingdom
90128,127,Deity,73,47,2,Russia
106222,127,I'm Hotep,43,70,2,Finland
105445,127,Bv,9,97,0,Germany
129595,127,DelT,61,46,1,CzechRepublic
61907,127,Steve!,81,26,0,European
5121,127,Mirelin,0,94,6,Latvia
20230,127,Blooddrunk,38,74,0,Germany
100436,127,myownigorek,5,90,0,Russia
39506,126,Sef,25,65,0,Spain
5017,126,maggles!,33,53,0,UnitedKingdom
92182,126,nachodog1661256,58,33,1,Croatia
63997,126,Kilgors,9,95,0,Latvia
89311,126,LilCute,22,98,0,Portugal
91807,125,Teatime,86,14,2,Germany
108799,125,Foz,54,50,2,Sweden
118036,125,toemas_,24,84,0,England
93150,125,Lanzer,21,93,0,Israel
10353,125,Enef,6,72,0,UnitedKingdom
60960,125,MoistPenguin,41,56,0,UnitedKingdom
52231,125,JacquesLEB,6,113,1,England
113001,125,Nightmare,67,21,1,Netherlands
68334,125,TaylorSwiftFan100,9,96,0,Austria
115721,125,Swanny,45,54,0,England
46595,125,tms,7,102,2,CzechRepublic
7072,125,fat0n,3,107,0,Russia
14729,125,YoOko,29,84,1,Russia
99975,125,BrannMolvik Norway,56,52,1,Norway
94432,125,ggggggg,27,89,1,England
56918,125,Setsul,39,77,1,Germany
94793,125,Maccy,73,37,0,England
7492,125,eppz,12,97,2,Sweden
111497,124,gamma,54,61,0,Ireland
621,124,Erner0,2,91,2,Spain
8901,124,Natural,6,94,0,Denmark
2574,124,numlocked,0,99,0,England
63133,123,Neeko,9,106,0,Germany
57127,123,phromelo,47,42,2,Poland
49224,123,Dingo,17,63,0,Italy
5320,123,Asskicker,11,97,0,Belgium
11142,123,xxxlasagne,4,59,1,Hungary
88729,123,Callum,14,81,1,Wales
86357,123,fnzkie,68,39,0,Russia
5195,123,LUH-3417,10,92,0,Netherlands
67343,123,SageLuke,40,73,0,Finland
79618,122,Nevo,5,110,0,France
20353,122,Herr_P,16,71,0,Sweden
113770,122,FTH,49,51,0,SaudiArabia
13484,122,toogyboogy,7,78,0,Norway
93212,122,Temrane,53,61,0,England
5510,122,D1ego$,14,64,1,Russia
115636,122,tiram,29,82,1,UnitedKingdom
128537,121,Blanc,28,77,1,Denmark
101144,121,nash,13,97,0,Finland
126325,121,narkkari,38,54,0,Ukraine
72185,121,Charizard™,70,35,0,Russia
91301,121,Namtac,5,98,0,France
20777,121,furbo,36,51,0,Sweden
121057,121,Superiumentarius,72,30,1,Germany
78681,120,Raipe,64,32,2,Finland
61778,120,Burn,72,29,0,Finland
24027,120,BeaVerN,2,90,0,Sweden
126416,120,Aelkyr,32,81,0,France
73376,120,Zafus,44,51,0,UnitedKingdom
75470,120,Bejcn,50,57,0,England
23165,120,Yabloko Moloko,20,75,2,Russia
102447,120,gona,13,104,1,Finland
82320,120,RaTSLaYeR,10,98,3,UnitedKingdom
16941,120,Jack,36,58,0,Russia
131227,120,Kanga,31,80,1,Sweden
120982,120,Juho,36,73,0,Finland
92091,120,Jonez,51,54,1,Germany
93515,120,pozker,80,10,0,Russia
302,120,xzr,8,95,1,Finland
115164,120,NURWHAL,32,65,1,Ireland
6958,120,Damasko,9,78,0,Spain
39064,119,doks,0,93,0,Latvia
24023,119,Dahlbeck,15,67,0,Sweden
89256,119,Jake,20,90,0,England
107807,119,Apolo,34,75,3,England
108889,119,Cronk,62,34,0,Sweden
4809,119,Retsh0ck,5,71,0,Israel
39596,119,TaKaS,22,66,1,Spain
117356,119,Demind,21,79,2,CzechRepublic
9085,119,HarryHook,12,69,0,Spain
93568,118,MARKO,36,63,2,Croatia
51498,118,thetree,84,10,0,UnitedKingdom
80740,118,Bobinsky,6,87,2,Sweden
71426,118,Raelyn,53,55,1,England
115395,118,Ama,2,105,0,France
2208,118,Admirable,19,68,1,Ireland
70142,118,Phnx,13,84,1,Israel
125181,118,Lowenzahn,41,66,0,Germany
115322,118,EquaL,4,100,0,Sweden
54456,118,Korv,36,66,0,Sweden
116783,118,u,47,49,5,Belarus
10481,118,Hat,23,74,0,England
51108,117,zinneR,33,63,1,Poland
74532,117,Andy,24,63,0,Norway
126521,117,MgeMegatron,29,75,3,Denmark
92350,117,Gotti,17,89,2,Romania
102677,117,Texiq,10,88,2,CzechRepublic
119817,117,kpstk,13,79,3,CzechRepublic
62754,117,Daul,14,88,1,European
121837,117,Jake,11,90,0,UnitedKingdom
62857,117,Shulqiple,11,78,0,Israel
15067,117,Rising,3,94,0,Germany
68790,117,damneasy,7,79,0,Netherlands
6542,117,spirit,0,73,0,Russia
18645,117,Leftism,37,63,0,Wales
104481,117,Fire,68,15,0,UnitedKingdom
9727,117,Mokki,6,83,0,Finland
46606,117,GunroX,28,51,2,Ukraine
98304,116,chris,5,98,0,Ireland
104328,116,WML,36,47,2,England
1121,116,Anderson,4,89,0,Wales
3206,116,Black_Bob,41,49,0,UnitedKingdom
1395,116,Shabbaman,12,86,0,Netherlands
107432,116,habeef,32,66,0,Denmark
125630,116,Wylenn,20,89,0,International (Locked)
128942,116,TK_,51,54,2,Finland
5832,116,Salmon,13,76,0,Finland
100703,116,daga,34,74,1,Hungary
64547,116,pablo,41,63,2,Israel
120907,116,Wheatley,8,105,0,UnitedKingdom
61740,116,Concrete,28,68,2,Portugal
62123,116,Toba,44,43,0,Finland
2873,115,Wux,2,90,0,Scotland
617,115,pala4,33,36,1,Russia
89785,115,Samski,18,80,0,UnitedKingdom
94877,115,GibZ',62,34,3,Netherlands
658,115,Ortin,0,94,0,UnitedKingdom
62742,115,Aubriac,10,87,1,Netherlands
51452,115,Konna,30,68,0,Finland
24750,115,Issun,27,56,0,Norway
6102,115,Sonny Black,12,72,0,Germany
62741,115,sheff,25,70,0,Estonia
91914,115,TOSS,37,56,0,Russia
76416,114,Spirit,23,72,1,Sweden
121368,114,nagle,31,65,1,UnitedKingdom
95277,114,HexeLL,41,60,0,Poland
72145,114,Pandahh,11,93,1,UnitedKingdom
1734,114,GeaR,0,92,2,Germany
119766,114,zejiM,41,52,0,Hungary
68181,114,scrab,0,105,1,UnitedKingdom
4746,114,kustom3,22,70,0,France
574,114,ryb,0,94,0,Sweden
115547,114,csiga,19,76,0,Hungary
11228,114,lamei,19,65,0,Poland
106488,114,water123,10,99,0,Finland
118721,114,Shuffles_,34,77,0,UnitedKingdom
100762,113,BreD,20,79,1,England
51862,113,Jedi(fla)master,73,30,3,Poland
9036,113,Hidan,13,77,0,France
1837,113,Snyyppis,3,78,0,Finland
47566,113,profix,5,97,1,Switzerland
68351,113,AEsirson,52,51,0,Germany
74963,113,Dandere,48,52,0,England
32055,113,Alfie,13,84,0,England
50219,112,&gt;MF&lt;,35,54,0,Netherlands
89005,112,voxtec,4,102,0,Germany
125272,112,kcr,32,67,2,Poland
51315,112,Wiethoofd,21,65,0,Netherlands
13623,112,Raven,9,57,0,Russia
95079,112,Swallow,49,41,0,Germany
8686,112,DeGuN,27,54,0,France
5789,112,Chux,11,42,0,Croatia
124900,112,sy S,61,35,1,Norway
119929,112,_gar,2,98,0,Sweden
82350,112,extrasolar,70,37,1,UnitedKingdom
62427,112,Fuxx,36,57,0,Portugal
3059,112,Genmix,4,83,0,Belgium
123419,111,Deki,41,61,0,Serbia
59771,111,nijoonen,48,40,0,Sweden
99134,111,Morrow,18,72,0,Netherlands
90821,111,Crypto,43,64,1,Netherlands
43975,111,deljin ♪,9,70,0,Israel
3070,111,Tunttu,8,79,0,Finland
50025,111,Trensu,48,46,1,Poland
106173,111,Harry,44,44,0,UnitedKingdom
63275,111,Zinson,6,77,0,Russia
111080,111,Frans,33,68,0,Finland
111128,110,aph,0,104,1,Finland
57424,110,private_meta,23,56,0,Austria
127879,110,Ironhawk,29,68,0,International
23867,110,Hisoka,16,79,0,Finland
11662,110,manhunter,2,101,0,Hungary
12040,110,Tusken,11,73,0,Russia
51551,110,action-,25,76,1,Norway
114454,110,Derpy Hooves,12,85,0,Finland
14704,110,murje,7,91,0,Finland
126100,110,joe the brave,26,77,0,UnitedKingdom
21770,109,Crake,17,61,0,England
4716,109,Dega,7,85,0,Germany
95320,109,LostMySelf,8,91,0,Finland
41158,109,NeWas,8,72,0,Lithuania
120264,109,Luau,65,37,0,European
50158,109,Snajper,55,43,1,Ukraine
105436,109,Lin,63,28,0,Netherlands
5049,109,Rake,7,61,0,Finland
62625,109,m0rg,50,15,0,Russia
4283,109,humbug,3,52,0,UnitedKingdom
120010,109,Blobchap,19,84,0,UnitedKingdom
95878,109,hai,11,79,0,Finland
44180,109,Darx,19,66,0,Germany
65969,108,wackey,0,91,0,Israel
81527,108,pierzzz-,23,58,0,Italy
96462,108,BASSOfreak,0,101,1,European
116592,108,asianfetish69,0,95,0,Sweden
75914,108,Jan,27,62,0,Slovenia
112629,108,poy,48,46,0,Switzerland
31624,108,Carlow,29,44,0,Sweden
50640,108,pablo,12,70,0,Poland
90015,108,letto,8,73,0,Austria
17018,108,Vega,31,54,0,Russia
124830,108,Big Papa MattJ,55,30,0,France
70407,108,Lupus,3,98,0,Bulgaria
888,107,drleånn,5,70,0,Norway
42880,107,NeoX,0,104,0,Germany
94108,107,kevin,46,44,0,Belgium
551,107,byte,18,74,0,England
76116,107,NigerGufi,27,68,1,Hungary
96659,107,Shpeeisme,18,68,1,Belgium
47033,107,Henghast,29,63,0,Macedonia
6384,107,vroni,3,78,1,Germany
2870,107,Goose,35,54,0,UnitedKingdom
37855,107,Hank,15,76,0,Finland
32632,107,Imortist,37,54,0,Russia
2084,107,demsii,22,58,0,Netherlands
119186,107,Racso,11,88,0,Sweden
67108,107,senko,12,89,1,Belgium
92166,106,MatZer,36,63,0,Poland
9532,106,wolve,20,70,0,Sweden
45947,106,walters,18,58,0,Latvia
114504,106,Matthes,2,93,0,England
5471,106,Sikopata,2,89,0,Spain
7681,106,Vladi,2,75,0,Germany
63235,106,Cherie,47,50,0,Russia
129422,106,trum,20,74,0,Hungary
116391,106,0mger,34,63,0,Finland
102713,106,adamracek,19,68,1,CzechRepublic
84143,106,Drezzo,14,81,0,England
97911,106,Miju,9,86,1,Germany
2805,106,Hurmukka,8,72,0,Finland
112326,106,MrBliss,53,20,0,England
117878,106,Shadu,20,82,1,UnitedKingdom
107688,106,Dwapking,33,62,0,Belgium
92183,106,J3pp3,31,64,0,Finland
5507,105,Redzzzz,0,95,0,Russia
91929,105,AWJ,8,93,0,UnitedKingdom
96201,105,jyrkas,39,46,0,CzechRepublic
77830,105,yllen,5,88,0,UnitedKingdom
34133,105,flandre,26,33,1,Russia
123528,105,wiitabix,46,48,0,UnitedKingdom
34721,105,Flow.,46,32,0,Germany
91449,105,Erupo89,71,15,0,Italy
10525,105,rIdEn,3,71,0,Germany
31158,105,DimoN_Net,48,54,0,Ukraine
4497,105,KnOxXx,3,95,0,France
125694,105,Eddie,17,71,0,UnitedKingdom
64969,105,sage,0,85,0,Spain
75650,105,1pt,35,44,0,Switzerland
105093,105,Hoxtilicious,42,47,0,Slovakia
57499,105,Karnax,0,95,1,France
44291,104,Limp.,27,68,0,Finland
67513,104,FLOWER,8,84,2,Sweden
66891,104,PeterPan,0,92,1,Germany
121315,104,Celerio,4,90,1,France
1478,104,wrdo,8,86,0,Finland
6710,104,Konfy,2,73,0,Germany
126485,104,snh,12,80,2,CzechRepublic
95066,104,Piney,48,36,0,UnitedKingdom
80409,104,Leagle_,42,51,0,Finland
89828,104,BRASILGORILA99,4,77,0,Portugal
159,104,Coinz,7,65,0,Portugal
110016,104,~Solar,52,39,0,European
45597,104,Bulle,17,72,0,France
41324,104,Funkadelic,4,82,1,Ireland
90402,103,BaaBo,46,50,0,Finland
44215,103,Named,20,60,0,Estonia
90808,103,nole,38,45,1,Germany
1303,103,baerbel,2,72,0,BosniaHerzegovina
104914,103,krokit,6,93,0,England
66648,103,sp,47,35,0,Belgium
2314,103,Roque,25,72,0,Finland
43233,103,cribbe,21,71,0,Ireland
41592,103,Lurius,18,75,0,France
111230,103,denkra,48,25,0,Germany
11411,103,punct,22,57,0,Romania
13739,103,LillCeder,8,73,0,Sweden
58887,103,Goreston,69,11,0,UnitedKingdom
2060,103,Kain,0,95,0,Germany
15132,103,Dok125,13,66,0,Russia
7792,103,Rex,12,87,0,England
1933,103,albert,2,69,0,UnitedKingdom
93760,103,Fribs,17,85,0,UnitedKingdom
22665,103,Axe,7,68,0,Russia
28335,103,Ritalin,38,41,0,Scotland
65835,103,foungi,59,29,0,Germany
123251,103,Jack,56,29,0,Germany
117784,103,Divine,20,71,2,Netherlands
10449,102,Buffalo Bill,19,52,0,Netherlands
42826,102,MIndYe,29,50,0,Finland
60113,102,fanny_filth,33,43,0,Norway
107813,102,Elyassu,17,77,0,UnitedKingdom
89258,102,sorsa,16,66,0,Finland
14107,102,Whiteglow,3,87,0,Russia
6155,102,rtan,4,77,0,Scotland
119040,102,marcel,11,74,1,France
11869,102,MightyMe,16,66,0,Netherlands
22694,102,Sef,14,65,0,Portugal
66123,102,Hellblazer,0,94,0,Bulgaria
73313,101,loopster,7,90,0,France
111710,101,lawjr,35,50,0,England
119586,101,karppi,52,32,0,Finland
126619,101,Kingorcoc,26,63,0,Germany
78434,101,madmak,13,81,0,Russia
71870,101,Tompe,24,68,0,Finland
62856,101,Zangetsu,1,79,0,Israel
97248,101,ekta koling,2,91,0,CzechRepublic
23602,101,Marf,42,50,0,Germany
120255,101,Morgan,34,44,0,European
112607,101,Cuby,16,77,0,France
1388,100,MoRpHKoPf,6,83,0,Germany
11318,100,LaMqTa,9,55,2,Bulgaria
111764,100,shinso,44,49,0,Serbia
72215,100,chooper,81,3,0,European
92088,100,kpopfan69,0,91,2,France
43274,100,Unlimited,29,55,8,Russia
92566,100,hi im cupcake,5,90,0,UnitedKingdom
89716,100,dissy,32,55,1,Finland
46022,100,Dompa,18,45,1,Croatia
23526,100,Kaneco,26,45,1,Portugal
46737,100,Spike,12,63,2,Spain
12449,100,Gambles,11,69,0,England
5184,100,gniedler,0,76,1,Germany
41649,100,Dikker,3,79,2,Russia
110384,100,Haku,46,49,2,Finland
16987,100,rytis,7,73,1,Lithuania
40345,99,prm,28,55,3,Russia
44307,99,The Hunky Squirrel,19,73,4,Finland
33936,99,_sNb,32,59,1,Ukraine
4395,99,Daniel,4,65,2,Norway
58911,99,kronis,7,85,3,Latvia
61279,99,imba*,68,16,3,Russia
119789,99,ollitf,62,15,1,Finland
123808,99,tev,6,93,4,Germany
39321,99,quell,34,48,2,Netherlands
24262,99,Sneakeh,5,83,1,England
70040,99,nuze,4,78,0,Scotland
92347,99,Five baz,32,53,2,SaudiArabia
59086,99,fsal,10,83,2,Russia
90416,99,unabled,0,82,2,Germany
95308,99,Kaga,23,73,1,Scotland
66498,99,taube,15,59,5,Slovenia
12996,99,sno,10,75,1,Netherlands
132509,99,Haiva,46,43,0,Lithuania
126106,99,juxta,7,84,0,France
126068,99,Tony G,9,86,0,UnitedKingdom
77091,99,CbIHoK,61,26,0,Russia
39615,99,Gara.Stark,18,62,4,Spain
80184,98,woolen,47,30,1,England
45465,98,unu,28,60,1,Sweden
104533,98,Hoplitejoe,0,91,1,UnitedKingdom
81623,98,fnordi,1,83,3,Sweden
7493,98,Scriptzon,23,52,1,Portugal
96704,98,dragon_slayer72,64,26,2,Finland
76583,98,ReseF,75,4,1,Lithuania
57468,98,Klefsas,43,28,3,Ukraine
76606,98,4hp,63,16,0,Portugal
90092,98,Abyss,10,84,1,Russia
30255,98,UberLoFF,15,66,0,Norway
48288,98,supra,46,33,2,Poland
117953,98,Unrav,27,57,2,England
91417,98,wreaz,18,60,5,Russia
62108,98,jeff money,24,54,3,England
58963,98,duck,19,67,3,England
88886,98,Burz,25,64,7,Italy
116722,97,One-Two,33,46,2,Russia
33471,97,Hammock,62,23,5,UnitedKingdom
11161,97,Turbo,4,87,2,UnitedKingdom
26412,97,Reservoir Dog,31,49,1,Croatia
119611,97,Rambosaur,57,22,1,Belgium
8007,97,Warmaster,16,56,7,Belgium
945,97,Shintaz,9,39,0,UnitedKingdom
62265,97,Pepis,8,73,2,Finland
117181,97,Polarium,31,36,1,Estonia
124225,97,lecunea,24,58,0,Sweden
104460,97,crazy,22,56,1,Poland
103529,97,bohoc,16,70,1,Hungary
67455,97,Jelly,43,24,3,Netherlands
69831,97,Astt,18,68,2,Finland
16773,97,Goala,3,78,2,Finland
83701,96,a. larry,16,52,1,England
93947,96,kryma,37,33,4,Finland
10471,96,auki,0,68,1,Germany
89927,96,Yodo,5,71,1,European
3562,96,Henchie,14,42,2,Scotland
123311,96,nik,42,40,8,Netherlands
18449,96,NiCO god's hand,2,68,12,France
112498,96,n1xx1,7,70,2,Italy
72197,96,pingu,13,70,0,Netherlands
76142,96,crazycalumrock,54,34,4,England
94950,96,rivka,10,81,1,Denmark
96421,96,Spoon1337,44,42,4,Russia
114876,96,Scruff,13,80,2,England
84527,96,Royal Flush,59,19,2,Scotland
7365,96,evokje,20,52,0,European
90725,96,Sebbo,52,30,1,Finland
21417,96,apollon,13,59,2,Austria
50019,96,sanktio,40,49,3,Finland
91848,96,b_fisch,41,39,2,Germany
68512,95,Verse,11,63,1,Israel
20877,95,Califax,6,58,1,Netherlands
73241,95,Larath,28,45,1,Sweden
43088,95,dob,9,73,0,Germany
24575,95,GetFoo,23,57,4,Sweden
50076,95,panalmi,41,52,4,Finland
88077,95,Samytsi,3,66,1,Finland
70791,95,Poison,4,81,0,UnitedKingdom
58683,95,rech,37,38,4,Denmark
118963,95,t4ntrum,10,84,1,Netherlands
106142,95,z0diack,26,64,1,England
7903,95,Bubschen!!!,4,75,0,Germany
118168,95,vikman,45,38,0,Russia
52617,95,Dr. Heinz,7,78,2,Netherlands
2844,95,Alx,34,27,0,Sweden
63516,95,TausoN,25,47,2,Spain
95884,95,PolygoN,14,74,0,England
131921,94,Noot,27,57,3,Germany
7679,94,dave,1,69,0,Germany
1896,94,Cup Cake,29,55,2,European
117194,94,vocey,24,49,2,Algeria
2229,94,Plapla,19,56,4,France
93016,94,Glyra,57,33,0,Netherlands
111287,94,Hoolygan5,25,46,2,Hungary
89544,94,wardemon,24,56,1,England
75679,94,Popcorp,39,40,3,Estonia
77226,94,gilga,37,53,2,England
115836,94,DONN1Y,17,64,3,Russia
72818,94,Via,2,83,0,Denmark
10114,94,WildEast,23,54,1,Egypt
89679,94,[☁]Emiel,49,24,2,Netherlands
2059,94,Blade,9,69,1,Germany
91761,94,Patonki_,6,71,2,Finland
68879,93,Thaigrr,7,81,1,England
117966,93,ShaddowDude,40,41,1,UnitedKingdom
89531,93,Matek,21,63,2,Poland
95091,93,Kireek,58,20,3,England
125319,93,T.J aka Kacperski75,20,60,4,Poland
94005,93,hamaham,18,69,1,France
47629,93,sid vicious,12,62,2,Belarus
117029,93,ducky,26,53,3,Scotland
91272,93,Mind,17,62,1,Russia
126459,93,HASASYIN,41,42,1,Thailand
127149,93,Apollo,14,79,1,UnitedKingdom
57479,93,supreme,2,74,2,Italy
57229,93,Buddie,12,72,0,Portugal
25622,93,letku,30,25,1,Finland
126288,93,HOI,6,78,2,England
5144,93,Bassie,7,60,2,Scotland
113700,93,spuugen,31,59,3,Finland
43251,93,guz,9,65,1,Lithuania
120326,93,El chippo,41,38,3,Scotland
1107,93,crz,2,61,1,Germany
64982,93,Dange,26,60,0,Finland
39648,93,Heny,17,72,2,Sweden
11080,93,Exon.,21,55,3,France
111599,93,Citrus,69,8,4,Russia
824,92,krol,14,47,2,Russia
95198,92,Chronos,41,29,3,European
56099,92,dffdls,5,57,0,European
75271,92,Scissors,47,16,1,Denmark
105144,92,Aaron,9,78,2,Germany
106831,92,Puoskari,0,82,0,Finland
18495,92,Coco,16,38,2,Belgium
907,92,Dut0n,0,63,2,Luxembourg
124643,92,Qohen,30,42,2,Portugal
2499,92,Rok0s,0,70,2,CzechRepublic
103978,92,Zush,35,42,1,European
25576,92,baud,9,49,7,Belgium
6180,92,sidestep,13,69,0,Germany
68679,92,yucca,62,10,2,Russia
114037,92,Wolfy,19,56,2,Belgium
3235,92,FreezeR,9,46,1,Germany
94640,92,krafty,4,80,1,International
118844,92,klassy,7,75,2,Sweden
113940,92,pinky of Buddha,12,65,4,Russia
12234,92,unHuman,5,47,3,Russia
111677,92,Perlex,9,58,0,Hungary
1901,92,ilike2spin,3,69,0,England
18106,91,Spike Himself,7,62,1,Netherlands
6611,91,miz.stony,0,67,0,Germany
119185,91,Dying Tom,2,87,0,Belgium
75014,91,Cabbage,20,67,1,Belgium
68468,91,WalkeR1337,74,0,1,Russia
116309,91,Reoccurring,32,39,2,Hungary
92939,91,Soupah,4,73,3,France
4695,91,GangsterAlgot,1,64,0,Sweden
120717,91,Straus,41,40,4,CzechRepublic
133169,91,LukA,28,45,0,Croatia
107810,91,celvn,9,70,1,Germany
8944,91,KLar,13,58,1,Germany
116772,91,Kars,7,77,1,Netherlands
43155,91,Meatsoldier,12,63,2,Russia
89597,91,nick fillax,30,48,0,Germany
57428,91,TwiggyWan Kenobi,4,84,2,International
22429,91,Sideshow,5,76,1,UnitedKingdom
103453,91,feevz,0,85,0,Russia
92950,91,bonobo,52,15,3,Belgium
100446,91,Teriyaki Sauce,19,50,2,Portugal
38470,90,The Worst,26,37,2,Russia
66878,90,rabid,1,64,3,Austria
52364,90,Fisherman Mamadu,25,54,0,Portugal
557,90,mosepose,9,65,0,Germany
14385,90,CUBE,24,39,1,England
61424,90,OverLord,8,68,2,Russia
3752,90,rge,1,68,1,Germany
125725,90,Temp,21,49,4,CzechRepublic
92563,90,dududul POPOPOL,3,75,1,France
390,90,pischto,0,63,3,Luxembourg
103767,90,Sodium,41,33,1,Belgium
130472,90,Black,27,54,1,Ireland
4930,90,KillAri,2,77,0,Belgium
1693,90,markyB,0,73,2,Netherlands
79922,90,evans,2,82,1,England
95939,90,aychi,52,34,6,England
128505,90,MORGENSHTERN,29,49,0,Israel
48471,90,Chemical,8,68,1,Russia
69807,90,Ocx,26,36,2,Estonia
125847,90,ziggokill,31,52,1,Sweden
3439,89,userid_ivan,25,54,3,Italy
92205,89,yaynos,21,59,1,England
17143,89,st1ff,4,69,0,Russia
10370,89,car5ten,11,70,2,Germany
119942,89,WFlash,0,77,0,Spain
55709,89,paparazi,2,74,0,Poland
10998,89,Si^,22,42,2,England
104908,89,Rockz,6,57,2,CzechRepublic
26003,89,WildFire,6,56,1,UnitedKingdom
101390,89,START9,22,46,3,Sweden
42521,89,screwb,4,80,0,UnitedStates
13666,89,MikeChilds,13,36,1,England
72550,89,deca,6,68,1,Germany
112203,89,Kyy,15,69,0,Finland
105070,89,AloneInHell,9,61,0,Russia
57863,89,Fra.ger,17,63,2,Lithuania
47800,89,mhwk,7,66,1,CzechRepublic
131781,88,HaZz,25,61,4,UnitedKingdom
96697,88,Exze,17,65,0,UnitedKingdom
92867,88,Toodles,5,74,3,Sweden
12832,88,KloolK,12,43,0,Germany
125489,88,samii,47,31,1,England
5893,88,Willow,9,48,1,UnitedKingdom
13654,88,Ferret,0,30,1,England
12194,88,stuntz,12,67,3,Portugal
30677,88,Swedish Santa,22,54,5,Sweden
1131,88,Kop,5,65,1,England
136662,88,Gergosz.,25,50,2,Hungary
104876,88,Not Steven,28,54,0,UnitedKingdom
8550,88,cezar,21,55,1,Ukraine
74416,88,Pete_,2,70,0,Austria
90329,88,Karx,32,45,2,Poland
